sample_id,mesh_validation_pass,mesh_units,mesh_source,surface_continuity_assumption,top_cap_plane,depth_sign_convention,profile_pose_to_comsol_json,steel_surface_z_m,steel_z_min_m,steel_z_max_m,defect_void_embedded_in_steel,defect_intersects_top_surface,bbox_inside_steel,is_watertight,edge_incidence_all_two,nonmanifold_edges_count,zero_area_triangles_count,volume_m3,signed_volume_m3,volume_positive,bounds_min_json,bounds_max_json,max_depth_m,target_D_m,max_depth_abs_error_m,depth_rmse_vs_target,projected_footprint_area_m2,vertex_count,face_count,top_cap_face_count,bottom_face_count,side_face_count,top_normals_mean_z,bottom_normals_mean_z,inverted_normals_flag,export_path,export_format,exact_piao_rbc,rbc_style_approximation,notes,dataset_id,split,depth_bin,size_bin,aspect_bin,curvature_template,geometry_method
rbc_pilot_001_shallow_small_compact_sharp,True,m,triangulated_depth_grid,piecewise-linear continuous depth surface from RBC-style depth grid; not stepped_layers,z=0,bottom surface z=-depth,"{""angle_rad"":0.0,""center_x_m"":0.0,""center_y_m"":0.0,""comsol_coordinates"":""x/y on steel surface plane; top cap z=0; bottom surface z=-depth"",""mesh_units"":""m"",""steel_surface_z_m"":0.0}",0.0,-0.01,0.0,True,True,True,True,True,0,0,1.5306618164062503e-08,1.5306618164062503e-08,True,"[-0.004375,-0.002625,-0.001]","[0.004375,0.002625,0.0]",0.001,0.001,0.0,1.06339156091315e-05,3.439570053743285e-05,582,1160,496,496,168,1.0,-0.928816163674386,False,C:\Users\19166\Desktop\PINN_project\data\comsol_mfl\generated\temp_true_3d_rbc_pilot_meshes_v1\rbc_pilot_001_shallow_small_compact_sharp.stl,ascii_stl,False,True,active_cells=248; temp STL is generated artifact and must not be committed,comsol_true_3d_rbc_imported_watertight_pilot_v1,val,shallow,small_compact,compact,sharp,imported_watertight_mesh_solid
rbc_pilot_002_shallow_medium_balanced_sharp,True,m,triangulated_depth_grid,piecewise-linear continuous depth surface from RBC-style depth grid; not stepped_layers,z=0,bottom surface z=-depth,"{""angle_rad"":0.0,""center_x_m"":0.0,""center_y_m"":0.0,""comsol_coordinates"":""x/y on steel surface plane; top cap z=0; bottom surface z=-depth"",""mesh_units"":""m"",""steel_surface_z_m"":0.0}",0.0,-0.01,0.0,True,True,True,True,True,0,0,4.7756654999999955e-08,4.7756654999999955e-08,True,"[-0.007,-0.0039375,-0.0013]","[0.007,0.0039375,0.0]",0.0013,0.0013,0.0,1.3824079909105468e-05,8.238970128733915e-05,582,1160,496,496,168,1.0,-0.9465381038721116,False,C:\Users\19166\Desktop\PINN_project\data\comsol_mfl\generated\temp_true_3d_rbc_pilot_meshes_v1\rbc_pilot_002_shallow_medium_balanced_sharp.stl,ascii_stl,False,True,active_cells=248; temp STL is generated artifact and must not be committed,comsol_true_3d_rbc_imported_watertight_pilot_v1,test,shallow,medium_balanced,balanced,sharp,imported_watertight_mesh_solid
rbc_pilot_003_shallow_large_wide_sharp,True,m,triangulated_depth_grid,piecewise-linear continuous depth surface from RBC-style depth grid; not stepped_layers,z=0,bottom surface z=-depth,"{""angle_rad"":0.0,""center_x_m"":0.0,""center_y_m"":0.0,""comsol_coordinates"":""x/y on steel surface plane; top cap z=0; bottom surface z=-depth"",""mesh_units"":""m"",""steel_surface_z_m"":0.0}",0.0,-0.01,0.0,True,True,True,True,True,0,0,1.469435632031249e-07,1.469435632031249e-07,True,"[-0.0105,-0.0065625,-0.0016]","[0.0105,0.0065625,0.0]",0.0016,0.0016,0.0,1.7014261036612587e-05,0.00020797400324959396,582,1160,496,496,168,1.0,-0.9677372684668357,False,C:\Users\19166\Desktop\PINN_project\data\comsol_mfl\generated\temp_true_3d_rbc_pilot_meshes_v1\rbc_pilot_003_shallow_large_wide_sharp.stl,ascii_stl,False,True,active_cells=248; temp STL is generated artifact and must not be committed,comsol_true_3d_rbc_imported_watertight_pilot_v1,train,shallow,large_wide,wide,sharp,imported_watertight_mesh_solid
rbc_pilot_004_shallow_elongated_sharp,True,m,triangulated_depth_grid,piecewise-linear continuous depth surface from RBC-style depth grid; not stepped_layers,z=0,bottom surface z=-depth,"{""angle_rad"":0.0,""center_x_m"":0.0,""center_y_m"":0.0,""comsol_coordinates"":""x/y on steel surface plane; top cap z=0; bottom surface z=-depth"",""mesh_units"":""m"",""steel_surface_z_m"":0.0}",0.0,-0.01,0.0,True,True,True,True,True,0,0,4.9593449812499983e-08,4.9593449812499983e-08,True,"[-0.007875,-0.002625,-0.0018]","[0.007875,0.002625,0.0]",0.0018,0.0018,0.0,1.914104083563581e-05,6.239220097487819e-05,582,1160,496,496,168,1.0,-0.8468014422654255,False,C:\Users\19166\Desktop\PINN_project\data\comsol_mfl\generated\temp_true_3d_rbc_pilot_meshes_v1\rbc_pilot_004_shallow_elongated_sharp.stl,ascii_stl,False,True,active_cells=248; temp STL is generated artifact and must not be committed,comsol_true_3d_rbc_imported_watertight_pilot_v1,train,shallow,elongated,narrow,sharp,imported_watertight_mesh_solid
rbc_pilot_005_medium_small_compact_sharp,True,m,triangulated_depth_grid,piecewise-linear continuous depth surface from RBC-style depth grid; not stepped_layers,z=0,bottom surface z=-depth,"{""angle_rad"":0.0,""center_x_m"":0.0,""center_y_m"":0.0,""comsol_coordinates"":""x/y on steel surface plane; top cap z=0; bottom surface z=-depth"",""mesh_units"":""m"",""steel_surface_z_m"":0.0}",0.0,-0.01,0.0,True,True,True,True,True,0,0,4.714439477343749e-08,4.714439477343749e-08,True,"[-0.00525,-0.0030625,-0.0022]","[0.00525,0.0030625,0.0]",0.0022,0.0022,0.0,2.339459564247508e-05,4.79940007499063e-05,582,1160,496,496,168,1.0,-0.8083514710964687,False,C:\Users\19166\Desktop\PINN_project\data\comsol_mfl\generated\temp_true_3d_rbc_pilot_meshes_v1\rbc_pilot_005_medium_small_compact_sharp.stl,ascii_stl,False,True,active_cells=248; temp STL is generated artifact and must not be committed,comsol_true_3d_rbc_imported_watertight_pilot_v1,val,medium,small_compact,compact,sharp,imported_watertight_mesh_solid
rbc_pilot_006_medium_medium_balanced_sharp,True,m,triangulated_depth_grid,piecewise-linear continuous depth surface from RBC-style depth grid; not stepped_layers,z=0,bottom surface z=-depth,"{""angle_rad"":0.0,""center_x_m"":0.0,""center_y_m"":0.0,""comsol_coordinates"":""x/y on steel surface plane; top cap z=0; bottom surface z=-depth"",""mesh_units"":""m"",""steel_surface_z_m"":0.0}",0.0,-0.01,0.0,True,True,True,True,True,0,0,1.323257424726562e-07,1.323257424726562e-07,True,"[-0.0083125,-0.004593750000000001,-0.0026]","[0.0083125,0.004593750000000001,0.0]",0.0026,0.0026,0.0,2.7648152295291684e-05,0.00011598550181227356,582,1160,496,496,168,1.0,-0.8678891850064926,False,C:\Users\19166\Desktop\PINN_project\data\comsol_mfl\generated\temp_true_3d_rbc_pilot_meshes_v1\rbc_pilot_006_medium_medium_balanced_sharp.stl,ascii_stl,False,True,active_cells=248; temp STL is generated artifact and must not be committed,comsol_true_3d_rbc_imported_watertight_pilot_v1,train,medium,medium_balanced,balanced,sharp,imported_watertight_mesh_solid
rbc_pilot_007_medium_large_wide_sharp,True,m,triangulated_depth_grid,piecewise-linear continuous depth surface from RBC-style depth grid; not stepped_layers,z=0,bottom surface z=-depth,"{""angle_rad"":0.0,""center_x_m"":0.0,""center_y_m"":0.0,""comsol_coordinates"":""x/y on steel surface plane; top cap z=0; bottom surface z=-depth"",""mesh_units"":""m"",""steel_surface_z_m"":0.0}",0.0,-0.01,0.0,True,True,True,True,True,0,0,3.736728597656254e-07,3.736728597656254e-07,True,"[-0.0118125,-0.007656250000000001,-0.0031]","[0.0118125,0.007656250000000001,0.0]",0.0031,0.0031,0.0,3.296513526074859e-05,0.00027196600424946905,582,1160,496,496,168,1.0,-0.9176019198373334,False,C:\Users\19166\Desktop\PINN_project\data\comsol_mfl\generated\temp_true_3d_rbc_pilot_meshes_v1\rbc_pilot_007_medium_large_wide_sharp.stl,ascii_stl,False,True,active_cells=248; temp STL is generated artifact and must not be committed,comsol_true_3d_rbc_imported_watertight_pilot_v1,train,medium,large_wide,wide,sharp,imported_watertight_mesh_solid
rbc_pilot_008_medium_elongated_sharp,True,m,triangulated_depth_grid,piecewise-linear continuous depth surface from RBC-style depth grid; not stepped_layers,z=0,bottom surface z=-depth,"{""angle_rad"":0.0,""center_x_m"":0.0,""center_y_m"":0.0,""comsol_coordinates"":""x/y on steel surface plane; top cap z=0; bottom surface z=-depth"",""mesh_units"":""m"",""steel_surface_z_m"":0.0}",0.0,-0.01,0.0,True,True,True,True,True,0,0,1.7143415287500017e-07,1.7143415287500017e-07,True,"[-0.0105,-0.0035,-0.0035]","[0.0105,0.0035,0.0]",0.0035,0.0035,0.0,3.72186985531425e-05,0.00010958630171228605,582,1160,496,496,168,1.0,-0.7466126660425207,False,C:\Users\19166\Desktop\PINN_project\data\comsol_mfl\generated\temp_true_3d_rbc_pilot_meshes_v1\rbc_pilot_008_medium_elongated_sharp.stl,ascii_stl,False,True,active_cells=248; temp STL is generated artifact and must not be committed,comsol_true_3d_rbc_imported_watertight_pilot_v1,train,medium,elongated,narrow,sharp,imported_watertight_mesh_solid
rbc_pilot_009_deep_small_compact_sharp,True,m,triangulated_depth_grid,piecewise-linear continuous depth surface from RBC-style depth grid; not stepped_layers,z=0,bottom surface z=-depth,"{""angle_rad"":0.0,""center_x_m"":0.0,""center_y_m"":0.0,""comsol_coordinates"":""x/y on steel surface plane; top cap z=0; bottom surface z=-depth"",""mesh_units"":""m"",""steel_surface_z_m"":0.0}",0.0,-0.01,0.0,True,True,True,True,True,0,0,1.2857561368750017e-07,1.2857561368750017e-07,True,"[-0.006125,-0.0035,-0.0045]","[0.006125,0.0035,0.0]",0.0045,0.0045,0.0,4.7852556623107376e-05,6.319210098737662e-05,582,1160,496,496,168,1.0,-0.626503956315691,False,C:\Users\19166\Desktop\PINN_project\data\comsol_mfl\generated\temp_true_3d_rbc_pilot_meshes_v1\rbc_pilot_009_deep_small_compact_sharp.stl,ascii_stl,False,True,active_cells=248; temp STL is generated artifact and must not be committed,comsol_true_3d_rbc_imported_watertight_pilot_v1,test,deep,small_compact,compact,sharp,imported_watertight_mesh_solid
rbc_pilot_010_deep_medium_balanced_sharp,True,m,triangulated_depth_grid,piecewise-linear continuous depth surface from RBC-style depth grid; not stepped_layers,z=0,bottom surface z=-depth,"{""angle_rad"":0.0,""center_x_m"":0.0,""center_y_m"":0.0,""comsol_coordinates"":""x/y on steel surface plane; top cap z=0; bottom surface z=-depth"",""mesh_units"":""m"",""steel_surface_z_m"":0.0}",0.0,-0.01,0.0,True,True,True,True,True,0,0,3.367456491093746e-07,3.367456491093746e-07,True,"[-0.009625,-0.00525,-0.005]","[0.009625,0.00525,0.0]",0.005,0.005,0.0,5.316952269074372e-05,0.00015198100237470328,582,1160,496,496,168,1.0,-0.731625951737598,False,C:\Users\19166\Desktop\PINN_project\data\comsol_mfl\generated\temp_true_3d_rbc_pilot_meshes_v1\rbc_pilot_010_deep_medium_balanced_sharp.stl,ascii_stl,False,True,active_cells=248; temp STL is generated artifact and must not be committed,comsol_true_3d_rbc_imported_watertight_pilot_v1,train,deep,medium_balanced,balanced,sharp,imported_watertight_mesh_solid
rbc_pilot_011_deep_large_wide_sharp,True,m,triangulated_depth_grid,piecewise-linear continuous depth surface from RBC-style depth grid; not stepped_layers,z=0,bottom surface z=-depth,"{""angle_rad"":0.0,""center_x_m"":0.0,""center_y_m"":0.0,""comsol_coordinates"":""x/y on steel surface plane; top cap z=0; bottom surface z=-depth"",""mesh_units"":""m"",""steel_surface_z_m"":0.0}",0.0,-0.01,0.0,True,True,True,True,True,0,0,8.418641472656243e-07,8.418641472656243e-07,True,"[-0.013125,-0.00875,-0.0055]","[0.013125,0.00875,0.0]",0.0055,0.0055,0.0,5.848648514631187e-05,0.0003447569053868269,582,1160,496,496,168,1.0,-0.8317032768052639,False,C:\Users\19166\Desktop\PINN_project\data\comsol_mfl\generated\temp_true_3d_rbc_pilot_meshes_v1\rbc_pilot_011_deep_large_wide_sharp.stl,ascii_stl,False,True,active_cells=248; temp STL is generated artifact and must not be committed,comsol_true_3d_rbc_imported_watertight_pilot_v1,train,deep,large_wide,wide,sharp,imported_watertight_mesh_solid
rbc_pilot_012_deep_elongated_sharp,True,m,triangulated_depth_grid,piecewise-linear continuous depth surface from RBC-style depth grid; not stepped_layers,z=0,bottom surface z=-depth,"{""angle_rad"":0.0,""center_x_m"":0.0,""center_y_m"":0.0,""comsol_coordinates"":""x/y on steel surface plane; top cap z=0; bottom surface z=-depth"",""mesh_units"":""m"",""steel_surface_z_m"":0.0}",0.0,-0.01,0.0,True,True,True,True,True,0,0,4.5919862343749947e-07,4.5919862343749947e-07,True,"[-0.013125,-0.004375,-0.006]","[0.013125,0.004375,0.0]",0.006,0.006,0.0,6.380343428324821e-05,0.0001735783027121611,582,1160,496,496,168,1.0,-0.6449370951627561,False,C:\Users\19166\Desktop\PINN_project\data\comsol_mfl\generated\temp_true_3d_rbc_pilot_meshes_v1\rbc_pilot_012_deep_elongated_sharp.stl,ascii_stl,False,True,active_cells=248; temp STL is generated artifact and must not be committed,comsol_true_3d_rbc_imported_watertight_pilot_v1,train,deep,elongated,narrow,sharp,imported_watertight_mesh_solid
rbc_pilot_013_shallow_small_compact_round,True,m,triangulated_depth_grid,piecewise-linear continuous depth surface from RBC-style depth grid; not stepped_layers,z=0,bottom surface z=-depth,"{""angle_rad"":0.0,""center_x_m"":0.0,""center_y_m"":0.0,""comsol_coordinates"":""x/y on steel surface plane; top cap z=0; bottom surface z=-depth"",""mesh_units"":""m"",""steel_surface_z_m"":0.0}",0.0,-0.01,0.0,True,True,True,True,True,0,0,1.7224298554687508e-08,1.7224298554687508e-08,True,"[-0.004375,-0.002625,-0.001]","[0.004375,0.002625,0.0]",0.001,0.001,0.0,1.030683715233197e-05,3.679540057492816e-05,614,1224,528,528,168,1.0,-0.9307482439996728,False,C:\Users\19166\Desktop\PINN_project\data\comsol_mfl\generated\temp_true_3d_rbc_pilot_meshes_v1\rbc_pilot_013_shallow_small_compact_round.stl,ascii_stl,False,True,active_cells=264; temp STL is generated artifact and must not be committed,comsol_true_3d_rbc_imported_watertight_pilot_v1,train,shallow,small_compact,compact,round,imported_watertight_mesh_solid
rbc_pilot_014_shallow_medium_balanced_round,True,m,triangulated_depth_grid,piecewise-linear continuous depth surface from RBC-style depth grid; not stepped_layers,z=0,bottom surface z=-depth,"{""angle_rad"":0.0,""center_x_m"":0.0,""center_y_m"":0.0,""comsol_coordinates"":""x/y on steel surface plane; top cap z=0; bottom surface z=-depth"",""mesh_units"":""m"",""steel_surface_z_m"":0.0}",0.0,-0.01,0.0,True,True,True,True,True,0,0,5.373981281249999e-08,5.373981281249999e-08,True,"[-0.007,-0.0039375,-0.0013]","[0.007,0.0039375,0.0]",0.0013,0.0013,0.0,1.3398860947382672e-05,8.798900137482822e-05,614,1224,528,528,168,1.0,-0.9479123165153468,False,C:\Users\19166\Desktop\PINN_project\data\comsol_mfl\generated\temp_true_3d_rbc_pilot_meshes_v1\rbc_pilot_014_shallow_medium_balanced_round.stl,ascii_stl,False,True,active_cells=264; temp STL is generated artifact and must not be committed,comsol_true_3d_rbc_imported_watertight_pilot_v1,train,shallow,medium_balanced,balanced,round,imported_watertight_mesh_solid
rbc_pilot_015_shallow_large_wide_round,True,m,triangulated_depth_grid,piecewise-linear continuous depth surface from RBC-style depth grid; not stepped_layers,z=0,bottom surface z=-depth,"{""angle_rad"":0.0,""center_x_m"":0.0,""center_y_m"":0.0,""comsol_coordinates"":""x/y on steel surface plane; top cap z=0; bottom surface z=-depth"",""mesh_units"":""m"",""steel_surface_z_m"":0.0}",0.0,-0.01,0.0,True,True,True,True,True,0,0,1.6535327273437515e-07,1.6535327273437515e-07,True,"[-0.0105,-0.0065625,-0.0016]","[0.0105,0.0065625,0.0]",0.0016,0.0016,0.0,1.6490905450179968e-05,0.000220772403449569,614,1224,528,528,168,1.0,-0.9685407585422767,False,C:\Users\19166\Desktop\PINN_project\data\comsol_mfl\generated\temp_true_3d_rbc_pilot_meshes_v1\rbc_pilot_015_shallow_large_wide_round.stl,ascii_stl,False,True,active_cells=264; temp STL is generated artifact and must not be committed,comsol_true_3d_rbc_imported_watertight_pilot_v1,test,shallow,large_wide,wide,round,imported_watertight_mesh_solid
rbc_pilot_016_shallow_elongated_round,True,m,triangulated_depth_grid,piecewise-linear continuous depth surface from RBC-style depth grid; not stepped_layers,z=0,bottom surface z=-depth,"{""angle_rad"":0.0,""center_x_m"":0.0,""center_y_m"":0.0,""comsol_coordinates"":""x/y on steel surface plane; top cap z=0; bottom surface z=-depth"",""mesh_units"":""m"",""steel_surface_z_m"":0.0}",0.0,-0.01,0.0,True,True,True,True,True,0,0,5.580672609375004e-08,5.580672609375004e-08,True,"[-0.007875,-0.002625,-0.0018]","[0.007875,0.002625,0.0]",0.0018,0.0018,0.0,1.8552268418067535e-05,6.639170103737039e-05,614,1224,528,528,168,1.0,-0.8514284611357308,False,C:\Users\19166\Desktop\PINN_project\data\comsol_mfl\generated\temp_true_3d_rbc_pilot_meshes_v1\rbc_pilot_016_shallow_elongated_round.stl,ascii_stl,False,True,active_cells=264; temp STL is generated artifact and must not be committed,comsol_true_3d_rbc_imported_watertight_pilot_v1,train,shallow,elongated,narrow,round,imported_watertight_mesh_solid
rbc_pilot_017_medium_small_compact_round,True,m,triangulated_depth_grid,piecewise-linear continuous depth surface from RBC-style depth grid; not stepped_layers,z=0,bottom surface z=-depth,"{""angle_rad"":0.0,""center_x_m"":0.0,""center_y_m"":0.0,""comsol_coordinates"":""x/y on steel surface plane; top cap z=0; bottom surface z=-depth"",""mesh_units"":""m"",""steel_surface_z_m"":0.0}",0.0,-0.01,0.0,True,True,True,True,True,0,0,5.30508405e-08,5.30508405e-08,True,"[-0.00525,-0.0030625,-0.0022]","[0.00525,0.0030625,0.0]",0.0022,0.0022,0.0,2.2674991212823632e-05,5.199350081239849e-05,614,1224,528,528,168,1.0,-0.8144669984128674,False,C:\Users\19166\Desktop\PINN_project\data\comsol_mfl\generated\temp_true_3d_rbc_pilot_meshes_v1\rbc_pilot_017_medium_small_compact_round.stl,ascii_stl,False,True,active_cells=264; temp STL is generated artifact and must not be committed,comsol_true_3d_rbc_imported_watertight_pilot_v1,train,medium,small_compact,compact,round,imported_watertight_mesh_solid
rbc_pilot_018_medium_medium_balanced_round,True,m,triangulated_depth_grid,piecewise-linear continuous depth surface from RBC-style depth grid; not stepped_layers,z=0,bottom surface z=-depth,"{""angle_rad"":0.0,""center_x_m"":0.0,""center_y_m"":0.0,""comsol_coordinates"":""x/y on steel surface plane; top cap z=0; bottom surface z=-depth"",""mesh_units"":""m"",""steel_surface_z_m"":0.0}",0.0,-0.01,0.0,True,True,True,True,True,0,0,1.4890406077148454e-07,1.4890406077148454e-07,True,"[-0.0083125,-0.004593750000000001,-0.0026]","[0.0083125,0.004593750000000001,0.0]",0.0026,0.0026,0.0,2.6797694240715792e-05,0.00011998500187476575,614,1224,528,528,168,1.0,-0.8718250126765362,False,C:\Users\19166\Desktop\PINN_project\data\comsol_mfl\generated\temp_true_3d_rbc_pilot_meshes_v1\rbc_pilot_018_medium_medium_balanced_round.stl,ascii_stl,False,True,active_cells=264; temp STL is generated artifact and must not be committed,comsol_true_3d_rbc_imported_watertight_pilot_v1,val,medium,medium_balanced,balanced,round,imported_watertight_mesh_solid
rbc_pilot_019_medium_large_wide_round,True,m,triangulated_depth_grid,piecewise-linear continuous depth surface from RBC-style depth grid; not stepped_layers,z=0,bottom surface z=-depth,"{""angle_rad"":0.0,""center_x_m"":0.0,""center_y_m"":0.0,""comsol_coordinates"":""x/y on steel surface plane; top cap z=0; bottom surface z=-depth"",""mesh_units"":""m"",""steel_surface_z_m"":0.0}",0.0,-0.01,0.0,True,True,True,True,True,0,0,4.20488181914062e-07,4.20488181914062e-07,True,"[-0.0118125,-0.007656250000000001,-0.0031]","[0.0118125,0.007656250000000001,0.0]",0.0031,0.0031,0.0,3.195108645540525e-05,0.00028956380452443465,614,1224,528,528,168,1.0,-0.9199261690222845,False,C:\Users\19166\Desktop\PINN_project\data\comsol_mfl\generated\temp_true_3d_rbc_pilot_meshes_v1\rbc_pilot_019_medium_large_wide_round.stl,ascii_stl,False,True,active_cells=264; temp STL is generated artifact and must not be committed,comsol_true_3d_rbc_imported_watertight_pilot_v1,test,medium,large_wide,wide,round,imported_watertight_mesh_solid
rbc_pilot_020_medium_elongated_round,True,m,triangulated_depth_grid,piecewise-linear continuous depth surface from RBC-style depth grid; not stepped_layers,z=0,bottom surface z=-depth,"{""angle_rad"":0.0,""center_x_m"":0.0,""center_y_m"":0.0,""comsol_coordinates"":""x/y on steel surface plane; top cap z=0; bottom surface z=-depth"",""mesh_units"":""m"",""steel_surface_z_m"":0.0}",0.0,-0.01,0.0,True,True,True,True,True,0,0,1.929121511249998e-07,1.929121511249998e-07,True,"[-0.0105,-0.0035,-0.0035]","[0.0105,0.0035,0.0]",0.0035,0.0035,0.0,3.607378978766925e-05,0.00011598550181227356,614,1224,528,528,168,1.0,-0.7550783241509449,False,C:\Users\19166\Desktop\PINN_project\data\comsol_mfl\generated\temp_true_3d_rbc_pilot_meshes_v1\rbc_pilot_020_medium_elongated_round.stl,ascii_stl,False,True,active_cells=264; temp STL is generated artifact and must not be committed,comsol_true_3d_rbc_imported_watertight_pilot_v1,train,medium,elongated,narrow,round,imported_watertight_mesh_solid
rbc_pilot_021_deep_small_compact_round,True,m,triangulated_depth_grid,piecewise-linear continuous depth surface from RBC-style depth grid; not stepped_layers,z=0,bottom surface z=-depth,"{""angle_rad"":0.0,""center_x_m"":0.0,""center_y_m"":0.0,""comsol_coordinates"":""x/y on steel surface plane; top cap z=0; bottom surface z=-depth"",""mesh_units"":""m"",""steel_surface_z_m"":0.0}",0.0,-0.01,0.0,True,True,True,True,True,0,0,1.4468410643750005e-07,1.4468410643750005e-07,True,"[-0.006125,-0.0035,-0.0045]","[0.006125,0.0035,0.0]",0.0045,0.0045,0.0,4.638068233752563e-05,6.959130108736414e-05,614,1224,528,528,168,1.0,-0.638822783336003,False,C:\Users\19166\Desktop\PINN_project\data\comsol_mfl\generated\temp_true_3d_rbc_pilot_meshes_v1\rbc_pilot_021_deep_small_compact_round.stl,ascii_stl,False,True,active_cells=264; temp STL is generated artifact and must not be committed,comsol_true_3d_rbc_imported_watertight_pilot_v1,train,deep,small_compact,compact,round,imported_watertight_mesh_solid
rbc_pilot_022_deep_medium_balanced_round,True,m,triangulated_depth_grid,piecewise-linear continuous depth surface from RBC-style depth grid; not stepped_layers,z=0,bottom surface z=-depth,"{""angle_rad"":0.0,""center_x_m"":0.0,""center_y_m"":0.0,""comsol_coordinates"":""x/y on steel surface plane; top cap z=0; bottom surface z=-depth"",""mesh_units"":""m"",""steel_surface_z_m"":0.0}",0.0,-0.01,0.0,True,True,True,True,True,0,0,3.789345712968755e-07,3.789345712968755e-07,True,"[-0.009625,-0.00525,-0.005]","[0.009625,0.00525,0.0]",0.005,0.005,0.0,5.1534058583629685e-05,0.0001607799025121861,614,1224,528,528,168,1.0,-0.7405093781457829,False,C:\Users\19166\Desktop\PINN_project\data\comsol_mfl\generated\temp_true_3d_rbc_pilot_meshes_v1\rbc_pilot_022_deep_medium_balanced_round.stl,ascii_stl,False,True,active_cells=264; temp STL is generated artifact and must not be committed,comsol_true_3d_rbc_imported_watertight_pilot_v1,val,deep,medium_balanced,balanced,round,imported_watertight_mesh_solid
rbc_pilot_023_deep_large_wide_round,True,m,triangulated_depth_grid,piecewise-linear continuous depth surface from RBC-style depth grid; not stepped_layers,z=0,bottom surface z=-depth,"{""angle_rad"":0.0,""center_x_m"":0.0,""center_y_m"":0.0,""comsol_coordinates"":""x/y on steel surface plane; top cap z=0; bottom surface z=-depth"",""mesh_units"":""m"",""steel_surface_z_m"":0.0}",0.0,-0.01,0.0,True,True,True,True,True,0,0,9.473364199218755e-07,9.473364199218755e-07,True,"[-0.013125,-0.00875,-0.0055]","[0.013125,0.00875,0.0]",0.0055,0.0055,0.0,5.6687461001397966e-05,0.0003671541057367832,614,1224,528,528,168,1.0,-0.8370527593005745,False,C:\Users\19166\Desktop\PINN_project\data\comsol_mfl\generated\temp_true_3d_rbc_pilot_meshes_v1\rbc_pilot_023_deep_large_wide_round.stl,ascii_stl,False,True,active_cells=264; temp STL is generated artifact and must not be committed,comsol_true_3d_rbc_imported_watertight_pilot_v1,train,deep,large_wide,wide,round,imported_watertight_mesh_solid
rbc_pilot_024_deep_elongated_round,True,m,triangulated_depth_grid,piecewise-linear continuous depth surface from RBC-style depth grid; not stepped_layers,z=0,bottom surface z=-depth,"{""angle_rad"":0.0,""center_x_m"":0.0,""center_y_m"":0.0,""comsol_coordinates"":""x/y on steel surface plane; top cap z=0; bottom surface z=-depth"",""mesh_units"":""m"",""steel_surface_z_m"":0.0}",0.0,-0.01,0.0,True,True,True,True,True,0,0,5.16728949609375e-07,5.16728949609375e-07,True,"[-0.013125,-0.004375,-0.006]","[0.013125,0.004375,0.0]",0.006,0.006,0.0,6.184083678590636e-05,0.0001839770028746408,614,1224,528,528,168,1.0,-0.6570695616056076,False,C:\Users\19166\Desktop\PINN_project\data\comsol_mfl\generated\temp_true_3d_rbc_pilot_meshes_v1\rbc_pilot_024_deep_elongated_round.stl,ascii_stl,False,True,active_cells=264; temp STL is generated artifact and must not be committed,comsol_true_3d_rbc_imported_watertight_pilot_v1,train,deep,elongated,narrow,round,imported_watertight_mesh_solid
rbc_pilot_025_shallow_small_compact_boxy,True,m,triangulated_depth_grid,piecewise-linear continuous depth surface from RBC-style depth grid; not stepped_layers,z=0,bottom surface z=-depth,"{""angle_rad"":0.0,""center_x_m"":0.0,""center_y_m"":0.0,""comsol_coordinates"":""x/y on steel surface plane; top cap z=0; bottom surface z=-depth"",""mesh_units"":""m"",""steel_surface_z_m"":0.0}",0.0,-0.01,0.0,True,True,True,True,True,0,0,2.145990796874999e-08,2.145990796874999e-08,True,"[-0.0046875,-0.002625,-0.001]","[0.0046875,0.002625,0.0]",0.001,0.001,0.0,0.0,4.079490063742036e-05,682,1360,592,592,176,1.0,-0.9341294561193845,False,C:\Users\19166\Desktop\PINN_project\data\comsol_mfl\generated\temp_true_3d_rbc_pilot_meshes_v1\rbc_pilot_025_shallow_small_compact_boxy.stl,ascii_stl,False,True,active_cells=296; temp STL is generated artifact and must not be committed,comsol_true_3d_rbc_imported_watertight_pilot_v1,train,shallow,small_compact,compact,boxy,imported_watertight_mesh_solid
rbc_pilot_026_shallow_medium_balanced_boxy,True,m,triangulated_depth_grid,piecewise-linear continuous depth surface from RBC-style depth grid; not stepped_layers,z=0,bottom surface z=-depth,"{""angle_rad"":0.0,""center_x_m"":0.0,""center_y_m"":0.0,""comsol_coordinates"":""x/y on steel surface plane; top cap z=0; bottom surface z=-depth"",""mesh_units"":""m"",""steel_surface_z_m"":0.0}",0.0,-0.01,0.0,True,True,True,True,True,0,0,6.695491134375e-08,6.695491134375e-08,True,"[-0.0075,-0.0039375,-0.0013]","[0.0075,0.0039375,0.0]",0.0013,0.0013,0.0,0.0,9.758780152480948e-05,682,1360,592,592,176,1.0,-0.9502000164422326,False,C:\Users\19166\Desktop\PINN_project\data\comsol_mfl\generated\temp_true_3d_rbc_pilot_meshes_v1\rbc_pilot_026_shallow_medium_balanced_boxy.stl,ascii_stl,False,True,active_cells=296; temp STL is generated artifact and must not be committed,comsol_true_3d_rbc_imported_watertight_pilot_v1,train,shallow,medium_balanced,balanced,boxy,imported_watertight_mesh_solid
rbc_pilot_027_shallow_large_wide_boxy,True,m,triangulated_depth_grid,piecewise-linear continuous depth surface from RBC-style depth grid; not stepped_layers,z=0,bottom surface z=-depth,"{""angle_rad"":0.0,""center_x_m"":0.0,""center_y_m"":0.0,""comsol_coordinates"":""x/y on steel surface plane; top cap z=0; bottom surface z=-depth"",""mesh_units"":""m"",""steel_surface_z_m"":0.0}",0.0,-0.01,0.0,True,True,True,True,True,0,0,2.0601511171875014e-07,2.0601511171875014e-07,True,"[-0.01125,-0.0065625,-0.0016]","[0.01125,0.0065625,0.0]",0.0016,0.0016,0.0,0.0,0.00024156980377452837,682,1360,592,592,176,1.0,-0.9696513932135162,False,C:\Users\19166\Desktop\PINN_project\data\comsol_mfl\generated\temp_true_3d_rbc_pilot_meshes_v1\rbc_pilot_027_shallow_large_wide_boxy.stl,ascii_stl,False,True,active_cells=296; temp STL is generated artifact and must not be committed,comsol_true_3d_rbc_imported_watertight_pilot_v1,train,shallow,large_wide,wide,boxy,imported_watertight_mesh_solid
rbc_pilot_028_shallow_elongated_boxy,True,m,triangulated_depth_grid,piecewise-linear continuous depth surface from RBC-style depth grid; not stepped_layers,z=0,bottom surface z=-depth,"{""angle_rad"":0.0,""center_x_m"":0.0,""center_y_m"":0.0,""comsol_coordinates"":""x/y on steel surface plane; top cap z=0; bottom surface z=-depth"",""mesh_units"":""m"",""steel_surface_z_m"":0.0}",0.0,-0.01,0.0,True,True,True,True,True,0,0,6.953010405468753e-08,6.953010405468753e-08,True,"[-0.008437499999999999,-0.002625,-0.0018]","[0.008437499999999999,0.002625,0.0]",0.0018,0.0018,0.0,0.0,7.199100112485945e-05,682,1360,592,592,176,1.0,-0.8630087752380272,False,C:\Users\19166\Desktop\PINN_project\data\comsol_mfl\generated\temp_true_3d_rbc_pilot_meshes_v1\rbc_pilot_028_shallow_elongated_boxy.stl,ascii_stl,False,True,active_cells=296; temp STL is generated artifact and must not be committed,comsol_true_3d_rbc_imported_watertight_pilot_v1,val,shallow,elongated,narrow,boxy,imported_watertight_mesh_solid
rbc_pilot_029_medium_small_compact_boxy,True,m,triangulated_depth_grid,piecewise-linear continuous depth surface from RBC-style depth grid; not stepped_layers,z=0,bottom surface z=-depth,"{""angle_rad"":0.0,""center_x_m"":0.0,""center_y_m"":0.0,""comsol_coordinates"":""x/y on steel surface plane; top cap z=0; bottom surface z=-depth"",""mesh_units"":""m"",""steel_surface_z_m"":0.0}",0.0,-0.01,0.0,True,True,True,True,True,0,0,6.609651808593763e-08,6.609651808593763e-08,True,"[-0.005625,-0.0030625,-0.0022]","[0.005625,0.0030625,0.0]",0.0022,0.0022,0.0,0.0,5.6792900887389124e-05,682,1360,592,592,176,1.0,-0.8282415931514827,False,C:\Users\19166\Desktop\PINN_project\data\comsol_mfl\generated\temp_true_3d_rbc_pilot_meshes_v1\rbc_pilot_029_medium_small_compact_boxy.stl,ascii_stl,False,True,active_cells=296; temp STL is generated artifact and must not be committed,comsol_true_3d_rbc_imported_watertight_pilot_v1,train,medium,small_compact,compact,boxy,imported_watertight_mesh_solid
rbc_pilot_030_medium_medium_balanced_boxy,True,m,triangulated_depth_grid,piecewise-linear continuous depth surface from RBC-style depth grid; not stepped_layers,z=0,bottom surface z=-depth,"{""angle_rad"":0.0,""center_x_m"":0.0,""center_y_m"":0.0,""comsol_coordinates"":""x/y on steel surface plane; top cap z=0; bottom surface z=-depth"",""mesh_units"":""m"",""steel_surface_z_m"":0.0}",0.0,-0.01,0.0,True,True,True,True,True,0,0,1.8552091031250026e-07,1.8552091031250026e-07,True,"[-0.00890625,-0.004593750000000001,-0.0026]","[0.00890625,0.004593750000000001,0.0]",0.0026,0.0026,0.0,0.0,0.0001335833020872392,682,1360,592,592,176,1.0,-0.8801765896821454,False,C:\Users\19166\Desktop\PINN_project\data\comsol_mfl\generated\temp_true_3d_rbc_pilot_meshes_v1\rbc_pilot_030_medium_medium_balanced_boxy.stl,ascii_stl,False,True,active_cells=296; temp STL is generated artifact and must not be committed,comsol_true_3d_rbc_imported_watertight_pilot_v1,train,medium,medium_balanced,balanced,boxy,imported_watertight_mesh_solid
rbc_pilot_031_medium_large_wide_boxy,True,m,triangulated_depth_grid,piecewise-linear continuous depth surface from RBC-style depth grid; not stepped_layers,z=0,bottom surface z=-depth,"{""angle_rad"":0.0,""center_x_m"":0.0,""center_y_m"":0.0,""comsol_coordinates"":""x/y on steel surface plane; top cap z=0; bottom surface z=-depth"",""mesh_units"":""m"",""steel_surface_z_m"":0.0}",0.0,-0.01,0.0,True,True,True,True,True,0,0,5.238899868603517e-07,5.238899868603517e-07,True,"[-0.012656249999999999,-0.007656250000000001,-0.0031]","[0.012656249999999999,0.007656250000000001,0.0]",0.0031,0.0031,0.0,0.0,0.00031676040494938156,682,1360,592,592,176,1.0,-0.9240208136646478,False,C:\Users\19166\Desktop\PINN_project\data\comsol_mfl\generated\temp_true_3d_rbc_pilot_meshes_v1\rbc_pilot_031_medium_large_wide_boxy.stl,ascii_stl,False,True,active_cells=296; temp STL is generated artifact and must not be committed,comsol_true_3d_rbc_imported_watertight_pilot_v1,train,medium,large_wide,wide,boxy,imported_watertight_mesh_solid
rbc_pilot_032_medium_elongated_boxy,True,m,triangulated_depth_grid,piecewise-linear continuous depth surface from RBC-style depth grid; not stepped_layers,z=0,bottom surface z=-depth,"{""angle_rad"":0.0,""center_x_m"":0.0,""center_y_m"":0.0,""comsol_coordinates"":""x/y on steel surface plane; top cap z=0; bottom surface z=-depth"",""mesh_units"":""m"",""steel_surface_z_m"":0.0}",0.0,-0.01,0.0,True,True,True,True,True,0,0,2.403509643749998e-07,2.403509643749998e-07,True,"[-0.01125,-0.0035,-0.0035]","[0.01125,0.0035,0.0]",0.0035,0.0035,0.0,0.0,0.000129583802024747,682,1360,592,592,176,1.0,-0.7775100167751899,False,C:\Users\19166\Desktop\PINN_project\data\comsol_mfl\generated\temp_true_3d_rbc_pilot_meshes_v1\rbc_pilot_032_medium_elongated_boxy.stl,ascii_stl,False,True,active_cells=296; temp STL is generated artifact and must not be committed,comsol_true_3d_rbc_imported_watertight_pilot_v1,test,medium,elongated,narrow,boxy,imported_watertight_mesh_solid
rbc_pilot_033_deep_small_compact_boxy,True,m,triangulated_depth_grid,piecewise-linear continuous depth surface from RBC-style depth grid; not stepped_layers,z=0,bottom surface z=-depth,"{""angle_rad"":0.0,""center_x_m"":0.0,""center_y_m"":0.0,""comsol_coordinates"":""x/y on steel surface plane; top cap z=0; bottom surface z=-depth"",""mesh_units"":""m"",""steel_surface_z_m"":0.0}",0.0,-0.01,0.0,True,True,True,True,True,0,0,1.8026322693749993e-07,1.8026322693749993e-07,True,"[-0.0065625,-0.0035,-0.0045]","[0.0065625,0.0035,0.0]",0.0045,0.0045,0.0,0.0,7.51906011748532e-05,682,1360,592,592,176,1.0,-0.6697506086953572,False,C:\Users\19166\Desktop\PINN_project\data\comsol_mfl\generated\temp_true_3d_rbc_pilot_meshes_v1\rbc_pilot_033_deep_small_compact_boxy.stl,ascii_stl,False,True,active_cells=296; temp STL is generated artifact and must not be committed,comsol_true_3d_rbc_imported_watertight_pilot_v1,train,deep,small_compact,compact,boxy,imported_watertight_mesh_solid
rbc_pilot_034_deep_medium_balanced_boxy,True,m,triangulated_depth_grid,piecewise-linear continuous depth surface from RBC-style depth grid; not stepped_layers,z=0,bottom surface z=-depth,"{""angle_rad"":0.0,""center_x_m"":0.0,""center_y_m"":0.0,""comsol_coordinates"":""x/y on steel surface plane; top cap z=0; bottom surface z=-depth"",""mesh_units"":""m"",""steel_surface_z_m"":0.0}",0.0,-0.01,0.0,True,True,True,True,True,0,0,4.721179696406246e-07,4.721179696406246e-07,True,"[-0.010312499999999999,-0.00525,-0.005]","[0.010312499999999999,0.00525,0.0]",0.005,0.005,0.0,0.0,0.00017837770278715176,682,1360,592,592,176,1.0,-0.7620644936026466,False,C:\Users\19166\Desktop\PINN_project\data\comsol_mfl\generated\temp_true_3d_rbc_pilot_meshes_v1\rbc_pilot_034_deep_medium_balanced_boxy.stl,ascii_stl,False,True,active_cells=296; temp STL is generated artifact and must not be committed,comsol_true_3d_rbc_imported_watertight_pilot_v1,train,deep,medium_balanced,balanced,boxy,imported_watertight_mesh_solid
rbc_pilot_035_deep_large_wide_boxy,True,m,triangulated_depth_grid,piecewise-linear continuous depth surface from RBC-style depth grid; not stepped_layers,z=0,bottom surface z=-depth,"{""angle_rad"":0.0,""center_x_m"":0.0,""center_y_m"":0.0,""comsol_coordinates"":""x/y on steel surface plane; top cap z=0; bottom surface z=-depth"",""mesh_units"":""m"",""steel_surface_z_m"":0.0}",0.0,-0.01,0.0,True,True,True,True,True,0,0,1.1802949253906256e-06,1.1802949253906256e-06,True,"[-0.014062499999999999,-0.00875,-0.0055]","[0.014062499999999999,0.00875,0.0]",0.0055,0.0055,0.0,0.0,0.00040554930633670823,682,1360,592,592,176,1.0,-0.8482650220430435,False,C:\Users\19166\Desktop\PINN_project\data\comsol_mfl\generated\temp_true_3d_rbc_pilot_meshes_v1\rbc_pilot_035_deep_large_wide_boxy.stl,ascii_stl,False,True,active_cells=296; temp STL is generated artifact and must not be committed,comsol_true_3d_rbc_imported_watertight_pilot_v1,val,deep,large_wide,wide,boxy,imported_watertight_mesh_solid
rbc_pilot_036_deep_elongated_boxy,True,m,triangulated_depth_grid,piecewise-linear continuous depth surface from RBC-style depth grid; not stepped_layers,z=0,bottom surface z=-depth,"{""angle_rad"":0.0,""center_x_m"":0.0,""center_y_m"":0.0,""comsol_coordinates"":""x/y on steel surface plane; top cap z=0; bottom surface z=-depth"",""mesh_units"":""m"",""steel_surface_z_m"":0.0}",0.0,-0.01,0.0,True,True,True,True,True,0,0,6.437972337890621e-07,6.437972337890621e-07,True,"[-0.014062499999999999,-0.004375,-0.006]","[0.014062499999999999,0.004375,0.0]",0.006,0.006,0.0,0.0,0.0002023747031621049,682,1360,592,592,176,1.0,-0.6899209313292224,False,C:\Users\19166\Desktop\PINN_project\data\comsol_mfl\generated\temp_true_3d_rbc_pilot_meshes_v1\rbc_pilot_036_deep_elongated_boxy.stl,ascii_stl,False,True,active_cells=296; temp STL is generated artifact and must not be committed,comsol_true_3d_rbc_imported_watertight_pilot_v1,test,deep,elongated,narrow,boxy,imported_watertight_mesh_solid
rbc_pilot_037_shallow_small_compact_LD_dominant,True,m,triangulated_depth_grid,piecewise-linear continuous depth surface from RBC-style depth grid; not stepped_layers,z=0,bottom surface z=-depth,"{""angle_rad"":0.0,""center_x_m"":0.0,""center_y_m"":0.0,""comsol_coordinates"":""x/y on steel surface plane; top cap z=0; bottom surface z=-depth"",""mesh_units"":""m"",""steel_surface_z_m"":0.0}",0.0,-0.01,0.0,True,True,True,True,True,0,0,2.02859971875e-08,2.02859971875e-08,True,"[-0.004375,-0.002625,-0.001]","[0.004375,0.002625,0.0]",0.001,0.001,0.0,9.773316845476745e-06,3.9195100612423476e-05,654,1304,568,568,168,1.0,-0.9319566253511864,False,C:\Users\19166\Desktop\PINN_project\data\comsol_mfl\generated\temp_true_3d_rbc_pilot_meshes_v1\rbc_pilot_037_shallow_small_compact_LD_dominant.stl,ascii_stl,False,True,active_cells=284; temp STL is generated artifact and must not be committed,comsol_true_3d_rbc_imported_watertight_pilot_v1,val,shallow,small_compact,compact,LD_dominant,imported_watertight_mesh_solid
rbc_pilot_038_shallow_medium_balanced_LD_dominant,True,m,triangulated_depth_grid,piecewise-linear continuous depth surface from RBC-style depth grid; not stepped_layers,z=0,bottom surface z=-depth,"{""angle_rad"":0.0,""center_x_m"":0.0,""center_y_m"":0.0,""comsol_coordinates"":""x/y on steel surface plane; top cap z=0; bottom surface z=-depth"",""mesh_units"":""m"",""steel_surface_z_m"":0.0}",0.0,-0.01,0.0,True,True,True,True,True,0,0,6.329231634375007e-08,6.329231634375007e-08,True,"[-0.007,-0.0039375,-0.0013]","[0.007,0.0039375,0.0]",0.0013,0.0013,0.0,1.2705241228798338e-05,9.358830146231728e-05,654,1304,568,568,168,1.0,-0.9484618382712523,False,C:\Users\19166\Desktop\PINN_project\data\comsol_mfl\generated\temp_true_3d_rbc_pilot_meshes_v1\rbc_pilot_038_shallow_medium_balanced_LD_dominant.stl,ascii_stl,False,True,active_cells=284; temp STL is generated artifact and must not be committed,comsol_true_3d_rbc_imported_watertight_pilot_v1,test,shallow,medium_balanced,balanced,LD_dominant,imported_watertight_mesh_solid
rbc_pilot_039_shallow_large_wide_LD_dominant,True,m,triangulated_depth_grid,piecewise-linear continuous depth surface from RBC-style depth grid; not stepped_layers,z=0,bottom surface z=-depth,"{""angle_rad"":0.0,""center_x_m"":0.0,""center_y_m"":0.0,""comsol_coordinates"":""x/y on steel surface plane; top cap z=0; bottom surface z=-depth"",""mesh_units"":""m"",""steel_surface_z_m"":0.0}",0.0,-0.01,0.0,True,True,True,True,True,0,0,1.947455739843751e-07,1.947455739843751e-07,True,"[-0.0105,-0.0065625,-0.0016]","[0.0105,0.0065625,0.0]",0.0016,0.0016,0.0,1.5637283483395096e-05,0.00023917010373703307,654,1304,568,568,168,1.0,-0.9689159743833261,False,C:\Users\19166\Desktop\PINN_project\data\comsol_mfl\generated\temp_true_3d_rbc_pilot_meshes_v1\rbc_pilot_039_shallow_large_wide_LD_dominant.stl,ascii_stl,False,True,active_cells=284; temp STL is generated artifact and must not be committed,comsol_true_3d_rbc_imported_watertight_pilot_v1,train,shallow,large_wide,wide,LD_dominant,imported_watertight_mesh_solid
rbc_pilot_040_shallow_elongated_LD_dominant,True,m,triangulated_depth_grid,piecewise-linear continuous depth surface from RBC-style depth grid; not stepped_layers,z=0,bottom surface z=-depth,"{""angle_rad"":0.0,""center_x_m"":0.0,""center_y_m"":0.0,""comsol_coordinates"":""x/y on steel surface plane; top cap z=0; bottom surface z=-depth"",""mesh_units"":""m"",""steel_surface_z_m"":0.0}",0.0,-0.01,0.0,True,True,True,True,True,0,0,6.572663789062504e-08,6.572663789062504e-08,True,"[-0.007875,-0.002625,-0.0018]","[0.007875,0.002625,0.0]",0.0018,0.0018,0.0,1.7591958477306564e-05,6.959130108736414e-05,654,1304,568,568,168,1.0,-0.8528927258218014,False,C:\Users\19166\Desktop\PINN_project\data\comsol_mfl\generated\temp_true_3d_rbc_pilot_meshes_v1\rbc_pilot_040_shallow_elongated_LD_dominant.stl,ascii_stl,False,True,active_cells=284; temp STL is generated artifact and must not be committed,comsol_true_3d_rbc_imported_watertight_pilot_v1,train,shallow,elongated,narrow,LD_dominant,imported_watertight_mesh_solid
rbc_pilot_041_medium_small_compact_LD_dominant,True,m,triangulated_depth_grid,piecewise-linear continuous depth surface from RBC-style depth grid; not stepped_layers,z=0,bottom surface z=-depth,"{""angle_rad"":0.0,""center_x_m"":0.0,""center_y_m"":0.0,""comsol_coordinates"":""x/y on steel surface plane; top cap z=0; bottom surface z=-depth"",""mesh_units"":""m"",""steel_surface_z_m"":0.0}",0.0,-0.01,0.0,True,True,True,True,True,0,0,6.248087753906251e-08,6.248087753906251e-08,True,"[-0.00525,-0.0030625,-0.0022]","[0.00525,0.0030625,0.0]",0.0022,0.0022,0.0,2.1501290057591257e-05,5.519310086239225e-05,654,1304,568,568,168,1.0,-0.82054008189016,False,C:\Users\19166\Desktop\PINN_project\data\comsol_mfl\generated\temp_true_3d_rbc_pilot_meshes_v1\rbc_pilot_041_medium_small_compact_LD_dominant.stl,ascii_stl,False,True,active_cells=284; temp STL is generated artifact and must not be committed,comsol_true_3d_rbc_imported_watertight_pilot_v1,val,medium,small_compact,compact,LD_dominant,imported_watertight_mesh_solid
rbc_pilot_042_medium_medium_balanced_LD_dominant,True,m,triangulated_depth_grid,piecewise-linear continuous depth surface from RBC-style depth grid; not stepped_layers,z=0,bottom surface z=-depth,"{""angle_rad"":0.0,""center_x_m"":0.0,""center_y_m"":0.0,""comsol_coordinates"":""x/y on steel surface plane; top cap z=0; bottom surface z=-depth"",""mesh_units"":""m"",""steel_surface_z_m"":0.0}",0.0,-0.01,0.0,True,True,True,True,True,0,0,1.7537245285546846e-07,1.7537245285546846e-07,True,"[-0.0083125,-0.004593750000000001,-0.0026]","[0.0083125,0.004593750000000001,0.0]",0.0026,0.0026,0.0,2.541061508479807e-05,0.00013038370203724545,654,1304,568,568,168,1.0,-0.8747896043504844,False,C:\Users\19166\Desktop\PINN_project\data\comsol_mfl\generated\temp_true_3d_rbc_pilot_meshes_v1\rbc_pilot_042_medium_medium_balanced_LD_dominant.stl,ascii_stl,False,True,active_cells=284; temp STL is generated artifact and must not be committed,comsol_true_3d_rbc_imported_watertight_pilot_v1,train,medium,medium_balanced,balanced,LD_dominant,imported_watertight_mesh_solid
rbc_pilot_043_medium_large_wide_LD_dominant,True,m,triangulated_depth_grid,piecewise-linear continuous depth surface from RBC-style depth grid; not stepped_layers,z=0,bottom surface z=-depth,"{""angle_rad"":0.0,""center_x_m"":0.0,""center_y_m"":0.0,""comsol_coordinates"":""x/y on steel surface plane; top cap z=0; bottom surface z=-depth"",""mesh_units"":""m"",""steel_surface_z_m"":0.0}",0.0,-0.01,0.0,True,True,True,True,True,0,0,4.952319233203134e-07,4.952319233203134e-07,True,"[-0.0118125,-0.007656250000000001,-0.0031]","[0.0118125,0.007656250000000001,0.0]",0.0031,0.0031,0.0,3.0297255124911484e-05,0.00031196100487439096,654,1304,568,568,168,1.0,-0.9218303679912176,False,C:\Users\19166\Desktop\PINN_project\data\comsol_mfl\generated\temp_true_3d_rbc_pilot_meshes_v1\rbc_pilot_043_medium_large_wide_LD_dominant.stl,ascii_stl,False,True,active_cells=284; temp STL is generated artifact and must not be committed,comsol_true_3d_rbc_imported_watertight_pilot_v1,train,medium,large_wide,wide,LD_dominant,imported_watertight_mesh_solid
rbc_pilot_044_medium_elongated_LD_dominant,True,m,triangulated_depth_grid,piecewise-linear continuous depth surface from RBC-style depth grid; not stepped_layers,z=0,bottom surface z=-depth,"{""angle_rad"":0.0,""center_x_m"":0.0,""center_y_m"":0.0,""comsol_coordinates"":""x/y on steel surface plane; top cap z=0; bottom surface z=-depth"",""mesh_units"":""m"",""steel_surface_z_m"":0.0}",0.0,-0.01,0.0,True,True,True,True,True,0,0,2.2720318162499996e-07,2.2720318162499996e-07,True,"[-0.0105,-0.0035,-0.0035]","[0.0105,0.0035,0.0]",0.0035,0.0035,0.0,3.4206541051924594e-05,0.00012638420197475325,654,1304,568,568,168,1.0,-0.7604474945182513,False,C:\Users\19166\Desktop\PINN_project\data\comsol_mfl\generated\temp_true_3d_rbc_pilot_meshes_v1\rbc_pilot_044_medium_elongated_LD_dominant.stl,ascii_stl,False,True,active_cells=284; temp STL is generated artifact and must not be committed,comsol_true_3d_rbc_imported_watertight_pilot_v1,train,medium,elongated,narrow,LD_dominant,imported_watertight_mesh_solid
rbc_pilot_045_deep_small_compact_LD_dominant,True,m,triangulated_depth_grid,piecewise-linear continuous depth surface from RBC-style depth grid; not stepped_layers,z=0,bottom surface z=-depth,"{""angle_rad"":0.0,""center_x_m"":0.0,""center_y_m"":0.0,""comsol_coordinates"":""x/y on steel surface plane; top cap z=0; bottom surface z=-depth"",""mesh_units"":""m"",""steel_surface_z_m"":0.0}",0.0,-0.01,0.0,True,True,True,True,True,0,0,1.7040238381249982e-07,1.7040238381249982e-07,True,"[-0.006125,-0.0035,-0.0045]","[0.006125,0.0035,0.0]",0.0045,0.0045,0.0,4.39798574971303e-05,7.279090113735789e-05,654,1304,568,568,168,1.0,-0.6543584374497166,False,C:\Users\19166\Desktop\PINN_project\data\comsol_mfl\generated\temp_true_3d_rbc_pilot_meshes_v1\rbc_pilot_045_deep_small_compact_LD_dominant.stl,ascii_stl,False,True,active_cells=284; temp STL is generated artifact and must not be committed,comsol_true_3d_rbc_imported_watertight_pilot_v1,test,deep,small_compact,compact,LD_dominant,imported_watertight_mesh_solid
rbc_pilot_046_deep_medium_balanced_LD_dominant,True,m,triangulated_depth_grid,piecewise-linear continuous depth surface from RBC-style depth grid; not stepped_layers,z=0,bottom surface z=-depth,"{""angle_rad"":0.0,""center_x_m"":0.0,""center_y_m"":0.0,""comsol_coordinates"":""x/y on steel surface plane; top cap z=0; bottom surface z=-depth"",""mesh_units"":""m"",""steel_surface_z_m"":0.0}",0.0,-0.01,0.0,True,True,True,True,True,0,0,4.4629195204687464e-07,4.4629195204687464e-07,True,"[-0.009625,-0.00525,-0.005]","[0.009625,0.00525,0.0]",0.005,0.005,0.0,4.8866531784121556e-05,0.00017517810273715798,654,1304,568,568,168,1.0,-0.7499630322226368,False,C:\Users\19166\Desktop\PINN_project\data\comsol_mfl\generated\temp_true_3d_rbc_pilot_meshes_v1\rbc_pilot_046_deep_medium_balanced_LD_dominant.stl,ascii_stl,False,True,active_cells=284; temp STL is generated artifact and must not be committed,comsol_true_3d_rbc_imported_watertight_pilot_v1,train,deep,medium_balanced,balanced,LD_dominant,imported_watertight_mesh_solid
rbc_pilot_047_deep_large_wide_LD_dominant,True,m,triangulated_depth_grid,piecewise-linear continuous depth surface from RBC-style depth grid; not stepped_layers,z=0,bottom surface z=-depth,"{""angle_rad"":0.0,""center_x_m"":0.0,""center_y_m"":0.0,""comsol_coordinates"":""x/y on steel surface plane; top cap z=0; bottom surface z=-depth"",""mesh_units"":""m"",""steel_surface_z_m"":0.0}",0.0,-0.01,0.0,True,True,True,True,True,0,0,1.1157298921874975e-06,1.1157298921874975e-06,True,"[-0.013125,-0.00875,-0.0055]","[0.013125,0.00875,0.0]",0.0055,0.0055,0.0,5.3753179427165534e-05,0.000395950506186727,654,1304,568,568,168,1.0,-0.843066451575923,False,C:\Users\19166\Desktop\PINN_project\data\comsol_mfl\generated\temp_true_3d_rbc_pilot_meshes_v1\rbc_pilot_047_deep_large_wide_LD_dominant.stl,ascii_stl,False,True,active_cells=284; temp STL is generated artifact and must not be committed,comsol_true_3d_rbc_imported_watertight_pilot_v1,train,deep,large_wide,wide,LD_dominant,imported_watertight_mesh_solid
rbc_pilot_048_deep_elongated_LD_dominant,True,m,triangulated_depth_grid,piecewise-linear continuous depth surface from RBC-style depth grid; not stepped_layers,z=0,bottom surface z=-depth,"{""angle_rad"":0.0,""center_x_m"":0.0,""center_y_m"":0.0,""comsol_coordinates"":""x/y on steel surface plane; top cap z=0; bottom surface z=-depth"",""mesh_units"":""m"",""steel_surface_z_m"":0.0}",0.0,-0.01,0.0,True,True,True,True,True,0,0,6.085799402343749e-07,6.085799402343749e-07,True,"[-0.013125,-0.004375,-0.006]","[0.013125,0.004375,0.0]",0.006,0.006,0.0,5.863985389217313e-05,0.00019837520309961271,654,1304,568,568,168,1.0,-0.6670766678826592,False,C:\Users\19166\Desktop\PINN_project\data\comsol_mfl\generated\temp_true_3d_rbc_pilot_meshes_v1\rbc_pilot_048_deep_elongated_LD_dominant.stl,ascii_stl,False,True,active_cells=284; temp STL is generated artifact and must not be committed,comsol_true_3d_rbc_imported_watertight_pilot_v1,train,deep,elongated,narrow,LD_dominant,imported_watertight_mesh_solid
rbc_pilot_049_shallow_small_compact_WD_dominant,True,m,triangulated_depth_grid,piecewise-linear continuous depth surface from RBC-style depth grid; not stepped_layers,z=0,bottom surface z=-depth,"{""angle_rad"":0.0,""center_x_m"":0.0,""center_y_m"":0.0,""comsol_coordinates"":""x/y on steel surface plane; top cap z=0; bottom surface z=-depth"",""mesh_units"":""m"",""steel_surface_z_m"":0.0}",0.0,-0.01,0.0,True,True,True,True,True,0,0,2.0619295781249972e-08,2.0619295781249972e-08,True,"[-0.004375,-0.002625,-0.001]","[0.004375,0.002625,0.0]",0.001,0.001,0.0,9.8885984814131e-06,3.9195100612423476e-05,654,1304,568,568,168,1.0,-0.9378735733784298,False,C:\Users\19166\Desktop\PINN_project\data\comsol_mfl\generated\temp_true_3d_rbc_pilot_meshes_v1\rbc_pilot_049_shallow_small_compact_WD_dominant.stl,ascii_stl,False,True,active_cells=284; temp STL is generated artifact and must not be committed,comsol_true_3d_rbc_imported_watertight_pilot_v1,train,shallow,small_compact,compact,WD_dominant,imported_watertight_mesh_solid
rbc_pilot_050_shallow_medium_balanced_WD_dominant,True,m,triangulated_depth_grid,piecewise-linear continuous depth surface from RBC-style depth grid; not stepped_layers,z=0,bottom surface z=-depth,"{""angle_rad"":0.0,""center_x_m"":0.0,""center_y_m"":0.0,""comsol_coordinates"":""x/y on steel surface plane; top cap z=0; bottom surface z=-depth"",""mesh_units"":""m"",""steel_surface_z_m"":0.0}",0.0,-0.01,0.0,True,True,True,True,True,0,0,6.433220671875005e-08,6.433220671875005e-08,True,"[-0.007,-0.0039375,-0.0013]","[0.007,0.0039375,0.0]",0.0013,0.0013,0.0,1.2855182821814045e-05,9.358830146231728e-05,654,1304,568,568,168,1.0,-0.9532431699678019,False,C:\Users\19166\Desktop\PINN_project\data\comsol_mfl\generated\temp_true_3d_rbc_pilot_meshes_v1\rbc_pilot_050_shallow_medium_balanced_WD_dominant.stl,ascii_stl,False,True,active_cells=284; temp STL is generated artifact and must not be committed,comsol_true_3d_rbc_imported_watertight_pilot_v1,train,shallow,medium_balanced,balanced,WD_dominant,imported_watertight_mesh_solid
rbc_pilot_051_shallow_large_wide_WD_dominant,True,m,triangulated_depth_grid,piecewise-linear continuous depth surface from RBC-style depth grid; not stepped_layers,z=0,bottom surface z=-depth,"{""angle_rad"":0.0,""center_x_m"":0.0,""center_y_m"":0.0,""comsol_coordinates"":""x/y on steel surface plane; top cap z=0; bottom surface z=-depth"",""mesh_units"":""m"",""steel_surface_z_m"":0.0}",0.0,-0.01,0.0,True,True,True,True,True,0,0,1.979452504687501e-07,1.979452504687501e-07,True,"[-0.0105,-0.0065625,-0.0016]","[0.0105,0.0065625,0.0]",0.0016,0.0016,0.0,1.58217522259221e-05,0.0002399700037495315,654,1304,568,568,168,1.0,-0.9714791330250453,False,C:\Users\19166\Desktop\PINN_project\data\comsol_mfl\generated\temp_true_3d_rbc_pilot_meshes_v1\rbc_pilot_051_shallow_large_wide_WD_dominant.stl,ascii_stl,False,True,active_cells=284; temp STL is generated artifact and must not be committed,comsol_true_3d_rbc_imported_watertight_pilot_v1,test,shallow,large_wide,wide,WD_dominant,imported_watertight_mesh_solid
rbc_pilot_052_shallow_elongated_WD_dominant,True,m,triangulated_depth_grid,piecewise-linear continuous depth surface from RBC-style depth grid; not stepped_layers,z=0,bottom surface z=-depth,"{""angle_rad"":0.0,""center_x_m"":0.0,""center_y_m"":0.0,""comsol_coordinates"":""x/y on steel surface plane; top cap z=0; bottom surface z=-depth"",""mesh_units"":""m"",""steel_surface_z_m"":0.0}",0.0,-0.01,0.0,True,True,True,True,True,0,0,6.680652039843753e-08,6.680652039843753e-08,True,"[-0.007875,-0.002625,-0.0018]","[0.007875,0.002625,0.0]",0.0018,0.0018,0.0,1.7799473953158675e-05,6.959130108736414e-05,654,1304,568,568,168,1.0,-0.872080032257864,False,C:\Users\19166\Desktop\PINN_project\data\comsol_mfl\generated\temp_true_3d_rbc_pilot_meshes_v1\rbc_pilot_052_shallow_elongated_WD_dominant.stl,ascii_stl,False,True,active_cells=284; temp STL is generated artifact and must not be committed,comsol_true_3d_rbc_imported_watertight_pilot_v1,train,shallow,elongated,narrow,WD_dominant,imported_watertight_mesh_solid
rbc_pilot_053_medium_small_compact_WD_dominant,True,m,triangulated_depth_grid,piecewise-linear continuous depth surface from RBC-style depth grid; not stepped_layers,z=0,bottom surface z=-depth,"{""angle_rad"":0.0,""center_x_m"":0.0,""center_y_m"":0.0,""comsol_coordinates"":""x/y on steel surface plane; top cap z=0; bottom surface z=-depth"",""mesh_units"":""m"",""steel_surface_z_m"":0.0}",0.0,-0.01,0.0,True,True,True,True,True,0,0,6.350743169531253e-08,6.350743169531253e-08,True,"[-0.00525,-0.0030625,-0.0022]","[0.00525,0.0030625,0.0]",0.0022,0.0022,0.0,2.175489075379327e-05,5.519310086239225e-05,654,1304,568,568,168,1.0,-0.8360366446376134,False,C:\Users\19166\Desktop\PINN_project\data\comsol_mfl\generated\temp_true_3d_rbc_pilot_meshes_v1\rbc_pilot_053_medium_small_compact_WD_dominant.stl,ascii_stl,False,True,active_cells=284; temp STL is generated artifact and must not be committed,comsol_true_3d_rbc_imported_watertight_pilot_v1,train,medium,small_compact,compact,WD_dominant,imported_watertight_mesh_solid
rbc_pilot_054_medium_medium_balanced_WD_dominant,True,m,triangulated_depth_grid,piecewise-linear continuous depth surface from RBC-style depth grid; not stepped_layers,z=0,bottom surface z=-depth,"{""angle_rad"":0.0,""center_x_m"":0.0,""center_y_m"":0.0,""comsol_coordinates"":""x/y on steel surface plane; top cap z=0; bottom surface z=-depth"",""mesh_units"":""m"",""steel_surface_z_m"":0.0}",0.0,-0.01,0.0,True,True,True,True,True,0,0,1.782538161591798e-07,1.782538161591798e-07,True,"[-0.0083125,-0.004593750000000001,-0.0026]","[0.0083125,0.004593750000000001,0.0]",0.0026,0.0026,0.0,2.5710266318440533e-05,0.00013038370203724545,654,1304,568,568,168,1.0,-0.8865784306130742,False,C:\Users\19166\Desktop\PINN_project\data\comsol_mfl\generated\temp_true_3d_rbc_pilot_meshes_v1\rbc_pilot_054_medium_medium_balanced_WD_dominant.stl,ascii_stl,False,True,active_cells=284; temp STL is generated artifact and must not be committed,comsol_true_3d_rbc_imported_watertight_pilot_v1,val,medium,medium_balanced,balanced,WD_dominant,imported_watertight_mesh_solid
rbc_pilot_055_medium_large_wide_WD_dominant,True,m,triangulated_depth_grid,piecewise-linear continuous depth surface from RBC-style depth grid; not stepped_layers,z=0,bottom surface z=-depth,"{""angle_rad"":0.0,""center_x_m"":0.0,""center_y_m"":0.0,""comsol_coordinates"":""x/y on steel surface plane; top cap z=0; bottom surface z=-depth"",""mesh_units"":""m"",""steel_surface_z_m"":0.0}",0.0,-0.01,0.0,True,True,True,True,True,0,0,5.033685735791013e-07,5.033685735791013e-07,True,"[-0.0118125,-0.007656250000000001,-0.0031]","[0.0118125,0.007656250000000001,0.0]",0.0031,0.0031,0.0,3.0654605686405275e-05,0.0003135608048993878,654,1304,568,568,168,1.0,-0.9280130984636654,False,C:\Users\19166\Desktop\PINN_project\data\comsol_mfl\generated\temp_true_3d_rbc_pilot_meshes_v1\rbc_pilot_055_medium_large_wide_WD_dominant.stl,ascii_stl,False,True,active_cells=284; temp STL is generated artifact and must not be committed,comsol_true_3d_rbc_imported_watertight_pilot_v1,test,medium,large_wide,wide,WD_dominant,imported_watertight_mesh_solid
rbc_pilot_056_medium_elongated_WD_dominant,True,m,triangulated_depth_grid,piecewise-linear continuous depth surface from RBC-style depth grid; not stepped_layers,z=0,bottom surface z=-depth,"{""angle_rad"":0.0,""center_x_m"":0.0,""center_y_m"":0.0,""comsol_coordinates"":""x/y on steel surface plane; top cap z=0; bottom surface z=-depth"",""mesh_units"":""m"",""steel_surface_z_m"":0.0}",0.0,-0.01,0.0,True,True,True,True,True,0,0,2.3093612137500032e-07,2.3093612137500032e-07,True,"[-0.0105,-0.0035,-0.0035]","[0.0105,0.0035,0.0]",0.0035,0.0035,0.0,3.46100311690105e-05,0.00012638420197475325,654,1304,568,568,168,1.0,-0.7904873169545381,False,C:\Users\19166\Desktop\PINN_project\data\comsol_mfl\generated\temp_true_3d_rbc_pilot_meshes_v1\rbc_pilot_056_medium_elongated_WD_dominant.stl,ascii_stl,False,True,active_cells=284; temp STL is generated artifact and must not be committed,comsol_true_3d_rbc_imported_watertight_pilot_v1,train,medium,elongated,narrow,WD_dominant,imported_watertight_mesh_solid
rbc_pilot_057_deep_small_compact_WD_dominant,True,m,triangulated_depth_grid,piecewise-linear continuous depth surface from RBC-style depth grid; not stepped_layers,z=0,bottom surface z=-depth,"{""angle_rad"":0.0,""center_x_m"":0.0,""center_y_m"":0.0,""comsol_coordinates"":""x/y on steel surface plane; top cap z=0; bottom surface z=-depth"",""mesh_units"":""m"",""steel_surface_z_m"":0.0}",0.0,-0.01,0.0,True,True,True,True,True,0,0,1.7320208696875e-07,1.7320208696875e-07,True,"[-0.006125,-0.0035,-0.0045]","[0.006125,0.0035,0.0]",0.0045,0.0045,0.0,4.449861798238804e-05,7.279090113735789e-05,654,1304,568,568,168,1.0,-0.679646864549862,False,C:\Users\19166\Desktop\PINN_project\data\comsol_mfl\generated\temp_true_3d_rbc_pilot_meshes_v1\rbc_pilot_057_deep_small_compact_WD_dominant.stl,ascii_stl,False,True,active_cells=284; temp STL is generated artifact and must not be committed,comsol_true_3d_rbc_imported_watertight_pilot_v1,train,deep,small_compact,compact,WD_dominant,imported_watertight_mesh_solid
rbc_pilot_058_deep_medium_balanced_WD_dominant,True,m,triangulated_depth_grid,piecewise-linear continuous depth surface from RBC-style depth grid; not stepped_layers,z=0,bottom surface z=-depth,"{""angle_rad"":0.0,""center_x_m"":0.0,""center_y_m"":0.0,""comsol_coordinates"":""x/y on steel surface plane; top cap z=0; bottom surface z=-depth"",""mesh_units"":""m"",""steel_surface_z_m"":0.0}",0.0,-0.01,0.0,True,True,True,True,True,0,0,4.536245154375001e-07,4.536245154375001e-07,True,"[-0.009625,-0.00525,-0.005]","[0.009625,0.00525,0.0]",0.005,0.005,0.0,4.944290426909296e-05,0.00017517810273715798,654,1304,568,568,168,1.0,-0.7718429138002272,False,C:\Users\19166\Desktop\PINN_project\data\comsol_mfl\generated\temp_true_3d_rbc_pilot_meshes_v1\rbc_pilot_058_deep_medium_balanced_WD_dominant.stl,ascii_stl,False,True,active_cells=284; temp STL is generated artifact and must not be committed,comsol_true_3d_rbc_imported_watertight_pilot_v1,val,deep,medium_balanced,balanced,WD_dominant,imported_watertight_mesh_solid
rbc_pilot_059_deep_large_wide_WD_dominant,True,m,triangulated_depth_grid,piecewise-linear continuous depth surface from RBC-style depth grid; not stepped_layers,z=0,bottom surface z=-depth,"{""angle_rad"":0.0,""center_x_m"":0.0,""center_y_m"":0.0,""comsol_coordinates"":""x/y on steel surface plane; top cap z=0; bottom surface z=-depth"",""mesh_units"":""m"",""steel_surface_z_m"":0.0}",0.0,-0.01,0.0,True,True,True,True,True,0,0,1.1340612925781248e-06,1.1340612925781248e-06,True,"[-0.013125,-0.00875,-0.0055]","[0.013125,0.00875,0.0]",0.0055,0.0055,0.0,5.43872502055163e-05,0.000395950506186727,654,1304,568,568,168,1.0,-0.8545973563999275,False,C:\Users\19166\Desktop\PINN_project\data\comsol_mfl\generated\temp_true_3d_rbc_pilot_meshes_v1\rbc_pilot_059_deep_large_wide_WD_dominant.stl,ascii_stl,False,True,active_cells=284; temp STL is generated artifact and must not be committed,comsol_true_3d_rbc_imported_watertight_pilot_v1,train,deep,large_wide,wide,WD_dominant,imported_watertight_mesh_solid
rbc_pilot_060_deep_elongated_WD_dominant,True,m,triangulated_depth_grid,piecewise-linear continuous depth surface from RBC-style depth grid; not stepped_layers,z=0,bottom surface z=-depth,"{""angle_rad"":0.0,""center_x_m"":0.0,""center_y_m"":0.0,""comsol_coordinates"":""x/y on steel surface plane; top cap z=0; bottom surface z=-depth"",""mesh_units"":""m"",""steel_surface_z_m"":0.0}",0.0,-0.01,0.0,True,True,True,True,True,0,0,6.185788875000009e-07,6.185788875000009e-07,True,"[-0.013125,-0.004375,-0.006]","[0.013125,0.004375,0.0]",0.006,0.006,0.0,5.933145224753245e-05,0.0001999750031246096,654,1304,568,568,168,1.0,-0.7053659131972564,False,C:\Users\19166\Desktop\PINN_project\data\comsol_mfl\generated\temp_true_3d_rbc_pilot_meshes_v1\rbc_pilot_060_deep_elongated_WD_dominant.stl,ascii_stl,False,True,active_cells=284; temp STL is generated artifact and must not be committed,comsol_true_3d_rbc_imported_watertight_pilot_v1,train,deep,elongated,narrow,WD_dominant,imported_watertight_mesh_solid
